{
  "goodbye": {
    "precision": 0.9166666666666666,
    "recall": 1.0,
    "f1-score": 0.9565217391304348,
    "support": 11,
    "confused_with": {}
  },
  "translate": {
    "precision": 1.0,
    "recall": 1.0,
    "f1-score": 1.0,
    "support": 10588,
    "confused_with": {}
  },
  "bot_challenge": {
    "precision": 1.0,
    "recall": 1.0,
    "f1-score": 1.0,
    "support": 4,
    "confused_with": {}
  },
  "deny": {
    "precision": 1.0,
    "recall": 1.0,
    "f1-score": 1.0,
    "support": 7,
    "confused_with": {}
  },
  "affirm": {
    "precision": 1.0,
    "recall": 1.0,
    "f1-score": 1.0,
    "support": 6,
    "confused_with": {}
  },
  "faq": {
    "precision": 1.0,
    "recall": 1.0,
    "f1-score": 1.0,
    "support": 25,
    "confused_with": {}
  },
  "greet": {
    "precision": 1.0,
    "recall": 0.9230769230769231,
    "f1-score": 0.9600000000000001,
    "support": 13,
    "confused_with": {
      "goodbye": 1
    }
  },
  "accuracy": 0.9999061385395157,
  "macro avg": {
    "precision": 0.988095238095238,
    "recall": 0.989010989010989,
    "f1-score": 0.9880745341614906,
    "support": 10654
  },
  "weighted avg": {
    "precision": 0.9999139603278894,
    "recall": 0.9999061385395157,
    "f1-score": 0.9999063017768381,
    "support": 10654
  }
}